<?xml version="1.0"?>
<pagescount>
	<html_total>23</html_total>
	<html_done>23</html_done>
	<images>89</images>
	<script>7</script>
	<css>6</css>
	<pdf/>
	<documents/>
	<excel/>
	<powerpoint/>
	<flash/>
	<audios/>
	<videos/>
	<xml/>
	<json/>
	<txt/>
	<autocad/>
	<model_3d/>
	<fonts>3</fonts>
	<scraping_reload>1</scraping_reload>
	<is_pretty_url>false</is_pretty_url>
	<has_trailing_slash>true</has_trailing_slash>
	<is_ebn>false</is_ebn>
	<email>intelligence-channel@proton.me</email>
	<theme_name>WmdTheme368652</theme_name>
	<server_url_front_page>https://www.waybackmachinedownloader.com/scraping/files/demo/postersmile.de_intelligence-channel_proton.me_0ejyy8wjlx/</server_url_front_page>
	<no_www_url>postersmile.de</no_www_url>
	<hosted_domain/>
	<original_archive_url>https://web.archive.org/web/20250428020637/https://www.postersmile.de/</original_archive_url>
	<final_archive_url>https://web.archive.org/web/20250428020637/https://www.postersmile.de/</final_archive_url>
	<front_page_code_date>20250428020637</front_page_code_date>
	<total_urls_from_api/>
	<max_reached_live>false</max_reached_live>
	<scrape_other_captures>false</scrape_other_captures>
	<total_size>9232</total_size>
<pdf_from_script>3</pdf_from_script></pagescount>
